{
    "backbone.layers.47.mixer.A_log": {
        "weight_indices": [
            34367
        ],
        "weight_values": null,
        "gradient_values": null,
        "importance_values": null,
        "progress": [
            [
                0,
                9,
                20.54371902594964
            ],
            [
                1,
                6,
                20.54371902594964
            ],
            [
                2,
                5,
                20.54371902594964
            ],
            [
                3,
                4,
                20.54371902594964
            ],
            [
                4,
                3,
                20.54371902594964
            ],
            [
                5,
                2,
                20.54371902594964
            ],
            [
                6,
                1,
                20.54371902594964
            ]
        ]
    }
}