{
    "backbone.layers.47.mixer.A_log": {
        "weight_indices": [
            22142,
            23743,
            63199,
            49998,
            6174,
            34367,
            34366,
            50351,
            6175
        ],
        "weight_values": [
            6.179262161254883,
            6.059113025665283,
            5.939019680023193,
            5.910913944244385,
            5.88306188583374,
            5.824583053588867,
            5.7326202392578125,
            5.716290473937988,
            5.611369609832764
        ],
        "gradient_values": [
            1.778108632555231e-10,
            -2.129038421117002e-06,
            -7.621594466655779e-10,
            1.1486969015095383e-05,
            4.2063895769328674e-12,
            -1.4019345684346263e-08,
            -2.4839326151493424e-09,
            7.405331416521221e-06,
            -4.2951791429102215e-11
        ],
        "importance_values": [
            0.75,
            0.7354336380958557,
            0.7208401560783386,
            0.7175201177597046,
            0.7140481472015381,
            0.7069503664970398,
            0.6957880854606628,
            0.6938649415969849,
            0.6810710430145264
        ]
    }
}